title,mal_id,type,chapters,volumes,status,genres,score,rank,author,serializations
Sensei no Bulge,37601,Manga,16,2,Finished,"['Action', 'Comedy', 'Drama', 'Fantasy', 'Sci-Fi']",6.58,12302,"['Horikoshi, Kouhei']",Shounen Jump (Weekly)
Star Wars: Lost Stars,119739,Manga,17,3,Finished,"['Action', 'Adventure', 'Drama', 'Romance', 'Sci-Fi']",7.36,3584,"['Komiyama, Yuusaku', 'Gray, Claudia']",LINE Manga
Tales of Berseria,101263,Manga,21,3,Finished,"['Action', 'Fantasy']",7.17,5552,"['Aonagi, Nobu']",Comic REX
Yakusoku no Neverland: Tokubetsu Bangai-hen - Haha no Ketsui,131969,One-shot,1,,Finished,"['Horror', 'Mystery', 'Sci-Fi']",7.44,2947,"['Demizu, Posuka', 'Shirai, Kaiu']",Shounen Jump (Weekly)
Yakusoku no Neverland: Tokubetsu Bangai-hen - Jijyuu no Sora wo Motomete,131755,One-shot,1,,Finished,"['Horror', 'Mystery', 'Sci-Fi']",7.13,5949,"['Demizu, Posuka', 'Shirai, Kaiu']",Shounen Jump (Weekly)
Yakusoku no Neverland: Tokubetsu Yomikiri - We Were Born,132483,One-shot,1,,Finished,"['Action', 'Drama', 'Mystery']",6.47,13325,"['Demizu, Posuka', 'Shirai, Kaiu']",Shounen Jump (Weekly)
Yumi's Cells,113095,Manhwa,527,13,Finished,"['Comedy', 'Drama', 'Romance', 'Slice of Life']",7.88,927,"['Lee, Dong-Gun']",Naver Webtoon
Dekoboko Majo no Oyako Jijou,124053,Manga,,,Publishing,"['Comedy', 'Fantasy', 'Slice of Life', 'Supernatural']",6.79,10125,['Piroya'],Comic Meteor
Dragon Drive,935,Manga,57,14,Finished,"['Action', 'Adventure', 'Fantasy', 'Sci-Fi']",6.98,7878,"['Sakura, Kenichi']",Shounen Jump (Monthly)
Gakkyuu Houtei,82197,Manga,24,3,Finished,['Mystery'],6.69,11277,"['Obata, Takeshi', 'Enoki, Nobuaki']",Shounen Jump (Weekly)
Hellper,61583,Manhwa,188,18,Finished,"['Action', 'Fantasy', 'Supernatural']",7.96,766,['Sakk'],Naver Webtoon
Himouto! Umaru-chan,50133,Manga,229,12,Finished,"['Comedy', 'Slice of Life']",7.4,3284,['SankakuHead'],Young Jump
Kuutei Dragons,101479,Manga,,,Publishing,"['Adventure', 'Fantasy']",7.43,3023,"['Kuwabara, Taku']",good! Afternoon
Maou no Hajimekata the Comic,89737,Manga,,,Publishing,"['Action', 'Adventure', 'Fantasy', 'Supernatural', 'Erotica']",6.8,,"['Komiya, Toshimasa', 'Yakan, Warau']",Comic Valkyrie
Mirai Delivery: Chiisana Asimov to Midori no Wasuremono,111268,Manga,11,2,Finished,"['Adventure', 'Sci-Fi']",,19113,"['Miyama, Fugin', 'Ooshio, Satoshi']",Comptiq
Strawberry Fields wo Mou Ichido,106021,Manga,25,3,Finished,"['Comedy', 'Girls Love', 'Romance']",7.24,4828,"['Kinosaki, Kazura']",@vitamin
The Makeup Remover,120793,Manhwa,26,7,Finished,"['Comedy', 'Romance']",7.62,1883,"['Lee, Yeon']",Naver Webtoon
Zelda no Densetsu: Twilight Princess,96581,Manga,,,Publishing,"['Action', 'Adventure', 'Fantasy']",7.83,1057,"['Himekawa, Akira']",MangaONE
Bungou Stray Dogs: Beast,123006,Manga,22,4,Finished,"['Action', 'Drama', 'Supernatural']",8.49,133,"['Asagiri, Kafka', 'Hoshikawa, Shiwasu']",Shounen Ace
GDGD-DOGS,21385,Manga,40,3,Finished,['Comedy'],6.66,11549,"['Tooyama, Ema']",ARIA
Hetalia Axis Powers,8878,Manga,,6,Finished,['Comedy'],7.92,853,"['Himaruya, Hidekaz']",Comic Birz
Juui-san no Oshigoto in Isekai,99384,Manga,,,Publishing,['Fantasy'],6.42,13640,"['hu-ko', 'Aozora, Choco']",AlphaPolis Web Manga
"Maou no Ore ga Dorei Elf wo Yome ni Shitanda ga, Dou Medereba Ii?",113169,Manga,,,Publishing,"['Action', 'Fantasy', 'Romance']",7.62,1869,"['Teshima, Fuminori', 'Itagaki, Hako']",Comic Fire
No Game No Life,48397,Manga,,,Publishing,"['Comedy', 'Fantasy', 'Ecchi']",7.97,732,"['Kamiya, Yuu', 'Hiiragi, Mashiro']",Comic Alive
No.5,10984,Manga,37,8,Finished,"['Sci-Fi', 'Suspense']",7.45,2888,"['Matsumoto, Taiyou']",Ikki
Rettougan no Tensei Majutsushi: Shiitagerareta Motoyuusha wa Mirai no Sekai wo Yoyuu de Ikinuku,119997,Manga,,,Publishing,"['Action', 'Fantasy']",6.45,13498,"['Touge, Hiro', 'Kankitsu, Yusura']",Suiyoubi wa Mattari Dash X Comic
Seiyuu Ka!,14633,Manga,70,12,Finished,"['Drama', 'Romance']",8.05,616,"['Minami, Maki']",Hana to Yume
Shingeki! Kyojin Chuugakkou,36535,Manga,96,11,Finished,['Comedy'],7.04,7086,"['Nakagawa, Saki']",Bessatsu Shounen Magazine
Shokei sareta Kenja wa Lich ni Tensei shite Shinryaku Sensou wo Hajimeru,131071,Manga,,,Publishing,"['Action', 'Fantasy']",7.09,6480,"['Yuuki, Karaku', 'Kunitomo, Shoutarou']",Manga UP!
Splatoon,89995,Manga,,,Publishing,"['Comedy', 'Fantasy']",6.53,12773,"['Hinodeya, Sankichi']",Bessatsu CoroCoro Comic
Star Wars: Leia - Oujo no Shiren,132574,Manga,,,Publishing,"['Drama', 'Sci-Fi']",,27602,"['Haruichi', 'Gray, Claudia']",LINE Manga
Super Mario Adventures: Mario no Daibouken,6043,Manga,13,1,Finished,"['Action', 'Adventure', 'Comedy', 'Fantasy']",7.23,4896,"['Takekuma, Kentarou', 'Sakura, Tamakichi']",CoroCoro Comic
Tensei Kizoku no Isekai Boukenroku: Jichou wo Shiranai Kamigami no Shito,114843,Manga,,,Publishing,"['Action', 'Fantasy', 'Romance']",7.06,6892,"['nini', 'Yashuu']",MAGCOMI
Toaru Majutsu no Index,7775,Manga,,,Publishing,"['Action', 'Comedy', 'Fantasy', 'Romance', 'Sci-Fi', 'Supernatural']",7.72,1447,"['Kamachi, Kazuma', 'Kogino, Chuuya']",Shounen Gangan
Toshokan Sensou: Love & War,7630,Manga,90,15,Finished,"['Action', 'Romance', 'Sci-Fi']",8.04,624,"['Arikawa, Hiro', 'Yumi, Kiiro']",LaLa
1 Second,138443,Manhwa,,,Publishing,"['Action', 'Supernatural']",,23738,"['Sini', 'Gwang-un']",Naver Webtoon
11eyes: Tsumi to Batsu to Aganai no Shoujo,19745,Manga,12,3,Finished,"['Action', 'Fantasy', 'Romance', 'Supernatural', 'Ecchi']",6.39,13820,"['Ayano, Naoto']",Comp Ace
Ghost Girl,128150,Manga,,,Publishing,"['Action', 'Supernatural']",6.4,13804,"['Ikeda, Akihisa']",Shounen Jump+
Heart Gear,119321,Manga,,,Publishing,"['Action', 'Adventure', 'Sci-Fi']",7.55,2241,"['Takaki, Tsuyoshi']",Shounen Jump+
Hoshiakari Graphics,108233,Manga,23,3,Finished,[],,30329,"['Yamamoto, Kazune']",Harta
Hypnosis Mic: Before The Battle - The Dirty Dawg,117044,Manga,21,4,Finished,['Action'],7.99,703,"['Momose, Yuuichirou', 'Karasuzuki, Rui']",Shounen Magazine Edge
Kimi no Koto nado Zettai ni,81075,Manga,22,4,Finished,['Romance'],7.1,6366,"['Tanaka, Meca']",LaLa
Kino no Tabi: The Beautiful World,105916,Manga,22,5,Finished,"['Adventure', 'Fantasy', 'Mystery']",7.54,2335,"['Sigsawa, Keiichi', 'Gou']",Dengeki Daioh
Kujonin,109299,Manga,,,Publishing,"['Action', 'Adventure', 'Fantasy']",7.31,4022,"['Asakawa, Keiji', 'Hanabokuro']",Comp Ace
Little Witch Academia,104064,Manga,17,3,Finished,"['Adventure', 'Comedy', 'Fantasy']",7.39,3316,"['Yoshinari, You', 'Satou, Keisuke']",Shounen Ace
Nanbaka,93398,Manga,,,Publishing,"['Action', 'Comedy', 'Drama']",7.75,1344,"['Futamata, Shou']",comico
Nande Koko ni Sensei ga!?,100274,Manga,,,Publishing,"['Comedy', 'Ecchi']",6.87,9165,['Soborou'],Young Magazine (Weekly)
Odd Girl Out,119521,Manhwa,,,Publishing,"['Comedy', 'Slice of Life']",7.92,839,['Morangji'],Naver Webtoon
Red,12713,Manga,151,19,Finished,"['Action', 'Adventure', 'Drama']",7.61,1939,"['Muraeda, Kenichi']",Young Magazine Uppers
Rikei ga Koi ni Ochita no de Shoumei shitemita.,99528,Manga,,,Publishing,"['Comedy', 'Romance']",7.32,3956,"['Yamamoto, Alfred']",Comic Meteor
"Sayonara Isekai, Mata Kite Ashita",140026,Manga,,,Publishing,"['Adventure', 'Fantasy']",,24029,"['Kazamidori', 'kesima']",Comic Brise
Shouha Shouten!,140868,Manga,,,Publishing,['Comedy'],7.29,4291,"['Obata, Takeshi', 'Asakura, Akinari']",Jump SQ.
Sokuochi Mayuri-chan,120296,Manga,27,1,Finished,"['Comedy', 'Romance', 'Slice of Life', 'Ecchi']",6.55,12646,"['Suaru, Hajime']",ComicWalker
Toshokan no Daimajutsushi,110771,Manga,,,Publishing,['Fantasy'],8.32,255,"['Izumi, Mitsu']",good! Afternoon
Vivy: Fluorite Eye's Song,135396,Manga,,,Publishing,"['Action', 'Sci-Fi']",7.74,1367,"['Yamataka, Morito']",MAGCOMI
Weak Hero,128231,Manhwa,,,Publishing,"['Action', 'Drama']",8.08,570,"['RAZEN', 'Seopass']",Naver Webtoon
Yari no Yuusha no Yarinaoshi,108166,Manga,,,Publishing,"['Adventure', 'Fantasy']",7.05,6981,"['Neet', 'Aneko, Yusagi']",ComicWalker
Yosuga no Sora,15821,Manga,14,2,Finished,"['Drama', 'Romance']",6.75,10536,"['Mikaze, Takashi']",Comp Ace
Mushoku Tensei: Eris wa Honki de Kiba wo Togu,145006,Manga,,,Publishing,['Fantasy'],7.37,3520,"['Rifujin na Magonote', 'Higake, Take']",Gangan Online
Air Gear - Trick:358,95449,One-shot,1,,Finished,"['Action', 'Ecchi']",7.4,3214,['Oh! Great'],Shounen Magazine (Weekly)
Angel Beats! The 4-koma: Osora no Shinda Sekai kara,65497,Manga,,2,Finished,"['Action', 'Comedy', 'Supernatural']",7,7692,"['Komowata, Haruka']",Dengeki G's magazine
Angel Beats!: Track Zero,16648,Light Novel,9,1,Finished,"['Action', 'Comedy', 'Drama', 'Supernatural']",7.67,1635,"['Maeda, Jun', 'GotoP']",Dengeki G's magazine
Another 0,36199,Manga,2,1,Finished,"['Drama', 'Horror', 'Mystery', 'Supernatural']",6.87,9217,"['Kiyohara, Hiro', 'Ayatsuji, Yukito']",Young Ace
Barcode Geass: Hanbai no Lelouch,25854,Manga,13,1,Finished,['Comedy'],6.81,9873,"['Taniguchi, Gorou', 'Ookouchi, Ichirou', 'Katoo, Nao']",4-koma Nano Ace
Battle Royale II: Blitz Royale,2177,Manga,19,2,Finished,"['Action', 'Drama']",4.46,15535,"['Takami, Koushun', 'Tomizawa, Hitoshi']",Young Champion Magazine
Bleach,11330,One-shot,1,,Finished,"['Action', 'Supernatural']",6.69,11210,"['Kubo, Tite']",Akamaru Jump
Bleach 4-koma: Komaburi,30541,Manga,18,2,Finished,['Comedy'],6.65,11637,"['Kubo, Tite', 'Ooba, Atsushi']",Saikyou Jump
Bleach: The Unforgivens,23355,One-shot,1,,Finished,"['Action', 'Supernatural']",6.79,10044,"['Kubo, Tite']",Shounen Jump (Weekly)
Boku wa Imouto ni Koi wo Suru,3127,Manga,60,10,Finished,"['Comedy', 'Romance']",6.88,9092,"['Aoki, Kotomi']",Sho-Comi
Chibi Geass: 4-koma no Lelouch,10822,Manga,27,1,Finished,['Comedy'],6.55,12643,"[""As'Maria""]",Comp Ace
Clannad: Tomoyo After,3941,Manga,4,1,Finished,"['Drama', 'Romance']",7.96,762,"['Key', 'Sumiyoshi, Yukiko']",Dragon Age
Clannad: Tomoyo Dearest,11777,Manga,4,1,Finished,"['Drama', 'Romance']",7.83,1072,"['Key', 'Sumiyoshi, Yukiko']",Dragon Age Pure
Claymore Bangai-hen: Senshi Reimei-hen,115791,One-shot,1,,Finished,['Fantasy'],6.75,10561,"['Yagi, Norihiro']",Jump SQ.19
Code Black: Hayabiki no Lelouch,81535,Manga,10,2,Finished,['Comedy'],,34603,"['Hoshi, Tomajirou']",Young Magazine the 3rd
Code Geass: Boukoku no Akito,95655,Light Novel,13,3,Finished,"['Action', 'Drama', 'Sci-Fi', 'Supernatural']",6.9,8840,"['U.G.E', 'Kodachi, Ukyou']",Newtype Ace
Code Geass: Shikkoku no Renya,17311,Manga,40,7,Finished,"['Action', 'Adventure', 'Supernatural']",6.85,9413,"['Taniguchi, Gorou', 'Takuma, Tomomasa']",Shounen Ace
Code Geass: Soubou no Oz O2,76957,Manga,20,5,Finished,"['Action', 'Drama', 'Fantasy', 'Supernatural']",7.11,6193,"['Toujou, Chika']",Comp Ace
Daisuki desu!! Mahou Tenshi Cosmos,23986,Manga,29,7,Finished,"['Action', 'Fantasy', 'Romance', 'Sci-Fi', 'Ecchi']",6.74,10694,"['Minazuki, Suu', 'Seguchi, Takahiro']",Young Ace
Darker than Black: Kuro no Keiyakusha,1016,Manga,10,2,Finished,"['Action', 'Drama', 'Mystery', 'Sci-Fi', 'Supernatural']",7.04,7130,"['Okamura, Tensai', 'Nokiya']",Asuka (Monthly)
Darker than Black: Shikkoku no Hana,14975,Manga,33,4,Finished,"['Action', 'Drama', 'Sci-Fi', 'Supernatural']",7.86,996,"['Iwahara, Yuji']",Young Gangan
Eureka Seven AO,33125,Manga,20,5,Finished,"['Action', 'Adventure', 'Drama', 'Romance', 'Sci-Fi']",7.06,6841,"['Katou, Yuuichi']",Shounen Ace
Eureka Seven AO: Save A Prayer,36593,Manga,10,2,Finished,"['Action', 'Sci-Fi']",,38981,"['Fudou, Ran', 'Waba, Akiko']",Newtype Ace
Eureka Seven nAnO,48871,Manga,13,1,Finished,['Comedy'],6.56,12530,['Katsuwo'],4-koma Nano Ace
Eureka Seven: Gravity Boys and Lifting Girl,4940,Manga,14,2,Finished,"['Comedy', 'Drama', 'Sci-Fi']",6.79,10043,"['Kizuki, Miki', 'Satou, Dai']",Comptiq
Fukukaichou Ganbaru.,99696,Manga,14,1,Finished,"['Comedy', 'Ecchi']",6.18,14742,['ReDrop'],Young Magazine the 3rd
Full Metal Alchemist: Prototype,32409,One-shot,1,,Finished,"['Action', 'Adventure', 'Drama', 'Fantasy']",7.37,3518,"['Arakawa, Hiromu']",Shounen Gangan
Ga-Rei,1102,Manga,56,12,Finished,"['Action', 'Comedy', 'Supernatural']",7.65,1736,"['Segawa, Hajime']",Shounen Ace
Gakuen K,62001,Manga,22,4,Finished,[],6.86,9229,"['Suzuki, Jirou', 'GoRA', 'Suzuki, Suzu']",GFantasy
Gantz/Minus,14986,Light Novel,8,1,Finished,"['Action', 'Sci-Fi', 'Supernatural']",7.29,4223,"['Oku, Hiroya', 'Kozaki, Yuusuke', 'Kusakabe, Masatoshi']",Young Jump
Gantz/Nishi,25824,One-shot,1,,Finished,"['Sci-Fi', 'Supernatural']",6.5,13042,"['Oku, Hiroya']",Young Jump
GE: Good Ending,19885,One-shot,1,,Finished,"['Romance', 'Sports']",7.42,3085,"['Sasuga, Kei']",Shounen Magazine (Weekly)
High School DxD: Akuma no Oshigoto,94864,Manga,6,1,Finished,"['Comedy', 'Ecchi']",7.21,5069,"['Ishibumi, Ichiei', 'Sosei Soda']",Age Premium
High School DxD: Asia & Koneko no Himitsu no Keiyaku!?,34485,Manga,6,1,Finished,"['Comedy', 'Ecchi']",7.25,4700,['Hiroichi'],Dragon Age
Higurashi no Naku Koro ni Jan: Tsubamegaeshi-hen,24355,Manga,14,2,Finished,['Mystery'],7.33,3837,"['Yamada, J-ta']",Kindai Mahjong
Higurashi no Naku Koro ni: Hirukowashi-hen,14411,Manga,7,1,Finished,"['Comedy', 'Mystery']",7.22,4971,"['Ryukishi07', 'Kazuki, Rechi']",Gangan Online
Higurashi no Naku Koro ni: Kokoroiyashi-hen,12292,Manga,7,1,Finished,"['Comedy', 'Drama', 'Horror', 'Mystery']",7.2,5165,"['Kagesaki, Yuna', 'Ryukishi07']",Comp Ace
Hikari no Machi,8204,Manga,9,1,Finished,"['Drama', 'Slice of Life']",7.45,2922,"['Asano, Inio']",Sunday Gene-X
Hinamizawa Teiryuujo: Higurashi no Naku Koro ni Genten,30139,Manga,10,1,Finished,"['Comedy', 'Horror', 'Mystery']",6.87,9170,"['Tomozo', 'Ryukishi07']",Big Gangan
Hunter x Hunter: Kurapika Tsuioku-hen,45996,Manga,2,1,Finished,"['Adventure', 'Fantasy']",7.61,1927,"['Togashi, Yoshihiro']",Shounen Jump (Weekly)
Ibitsu,16688,Manga,15,2,Finished,['Horror'],7.06,6852,"['Ryou, Haruto']",Young Gangan
Isshuukan Friends.,43967,Manga,41,7,Finished,"['Comedy', 'Slice of Life']",7.55,2238,"['Hazuki, Matcha']",Gangan Joker
Jormungand,4611,Manga,70,11,Finished,"['Action', 'Drama']",7.83,1057,"['Takahashi, Keitarou']",Sunday Gene-X
K-On! College,51855,Manga,14,1,Finished,"['Comedy', 'Slice of Life']",7.6,2003,['Kakifly'],Manga Time Kirara
K-On! Highschool,51857,Manga,14,1,Finished,"['Comedy', 'Slice of Life']",7.57,2135,['Kakifly'],Manga Time Kirara Carat
K: Countdown,82091,Manga,8,2,Finished,"['Action', 'Supernatural']",7.59,2030,"['Kuroe, Yui', 'GoRA']",ARIA
K: Days of Blue,59675,Manga,10,2,Finished,"['Action', 'Supernatural']",7.68,1595,"['Kuroe, Yui', 'GoRA']",ARIA
K: Lost Small World,73451,Manga,13,3,Finished,['Supernatural'],7.8,1156,"['GoRA', 'Ookita, Yoru']",Hatsu Kiss
K: Memory of Red,41435,Manga,16,3,Finished,"['Action', 'Supernatural']",8.1,527,"['Kuroe, Yui', 'GoRA']",ARIA
K: Missing Kings,88483,Manga,5,1,Finished,"['Action', 'Supernatural']",7.34,3760,"['Shiota, Haruto', 'GoRA', 'Furuhashi, Hideyuki']",GFantasy
K: Stray Dog Story,45451,Manga,5,1,Finished,"['Action', 'Supernatural']",7.21,5085,"['GoRA', 'Minato, Saki']",good! Afternoon
K: The First,61999,Manga,16,3,Finished,['Supernatural'],7.46,2830,"['GoRA', 'Furuhashi, Hideyuki', 'Kimura, Rin']",GFantasy
Kakegurui Midari,104547,Manga,59,4,Finished,['Drama'],7.02,7315,"['Hiiragi, Yuuichi', 'Kawamoto, Homura']",Manga UP!
Kami nomi zo Shiru Sekai: On the Train+Pilot Films,79883,Manga,4,1,Finished,"['Comedy', 'Fantasy', 'Romance', 'Sci-Fi']",7.15,5685,"['Wakaki, Tamiki']",Club Sunday
Keijo!!!!!!!!,56505,Manga,178,18,Finished,"['Sports', 'Ecchi']",7.3,4108,"['Sorayomi, Daichi']",Shounen Sunday
Kimi wa Boku no Taiyou,12294,One-shot,1,,Finished,['Slice of Life'],7.01,7517,"['Yumeka, Sumomo']",Mugen Anthology Series
Kodomo no Jikan,582,Manga,93,13,Finished,"['Comedy', 'Drama', 'Romance', 'Slice of Life', 'Ecchi']",7.84,1034,"['Watashiya, Kaworu']",Comic High!
Kokoro Kikai.,2505,Manga,2,1,Finished,['Boys Love'],7.34,3805,"['Yumeka, Sumomo']",Craft
Koukyoushihen Eureka seveN,1037,Manga,23,6,Finished,"['Action', 'Adventure', 'Drama', 'Romance', 'Sci-Fi']",7.79,1184,"['Kondou, Kazuma', 'Kataoka, Jinsei']",Shounen Ace
Liar Game: Roots of A,12999,Manga,6,1,Finished,['Mystery'],7.29,4216,"['Kaitani, Shinobu']",Young Jump
Liar Game: Roots of A #2,24012,One-shot,1,,Finished,"['Drama', 'Mystery']",7.06,6790,"['Kaitani, Shinobu']",Young Jump (Monthly)
Love Letter,9403,Manga,4,1,Finished,"['Drama', 'Romance', 'Supernatural']",7.66,1695,"['Seo, Kouji']",Shounen Magazine (Weekly)
Magical Pâtissière Kosaki-chan!!,83187,Manga,43,4,Finished,"['Action', 'Comedy']",6.82,9799,"['Tsutsui, Taishi']",Shounen Jump+
Mayoe! Nanatsu no Taizai Gakuen!,75055,Manga,47,4,Finished,"['Comedy', 'Fantasy']",7.08,6623,"['Tamaki, Juuichi']",Bessatsu Shounen Magazine
Mayoi Neko Overrun!,17606,Manga,10,2,Finished,"['Comedy', 'Romance', 'Ecchi']",7,7687,"['Yabuki, Kentarou', 'Matsu, Tomohiro']",Jump SQ.
Mirai Nikki: Mosaic Keshi,101858,Manga,8,1,Finished,['Comedy'],6.83,9662,"['Esuno, Sakae', 'Takeuchi, Motoki']",4-koma Nano Ace
Mirai Nikki: Paradox,13277,Manga,5,1,Finished,"['Action', 'Supernatural']",7.28,4366,"['Esuno, Sakae']",Ace Assault
Mujaki no Rakuen,37885,Manga,93,13,Finished,"['Comedy', 'Romance', 'Ecchi']",6.88,9029,['Uran'],Young Animal Arashi
Mushishi Tokubetsu-hen: Hihamukage,62023,Manga,2,1,Finished,"['Fantasy', 'Mystery', 'Supernatural']",8.33,240,"['Urushibara, Yuki']",Afternoon
Mushoku Tensei: 4-koma ni Nattemo Honki Dasu,125735,Manga,25,3,Finished,"['Comedy', 'Fantasy']",7.35,3693,"['Rifujin na Magonote', 'Nogiwa, Kaede']","Comic Dengeki Daioh ""g"""
Nanairo Sekai,3276,Manga,4,,Finished,"['Boys Love', 'Romance']",7.82,1107,"['Yumeka, Sumomo']",Melody
Nanatsu no Taizai Production,93979,Manga,76,4,Finished,['Comedy'],6.93,8414,"['Sakamoto, Chiemi']",ARIA
Naruto Gaiden: Michita Tsuki ga Terasu Michi,97372,One-shot,1,,Finished,"['Action', 'Adventure', 'Fantasy']",7.18,5374,"['Kishimoto, Masashi']",Shounen Jump (Weekly)
Neo Kiseijuu f,80797,Manga,15,1,Finished,"['Action', 'Horror', 'Sci-Fi']",6.53,12814,"['Yuki, Kaori', 'Tooyama, Ema', 'Narushima, Yuri', 'Obata, Yuuki', 'Watanabe, Asia', 'Rinno, Miki', 'Kindaichi, Renjuurou', 'Nakamura, Asumiko', 'mikimaki', 'Kojima, Lalako', 'Shinjou, Hajime', 'Kuroe, Yui', 'Kashio', 'Suruga, Hikaru', 'Kuze, Banko']",ARIA
Neon Genesis Evangelion: Campus Apocalypse,5178,Manga,22,4,Finished,"['Action', 'Sci-Fi']",6.89,8929,"['Min, Min']",Asuka (Monthly)
Nijigahara Holograph,1373,Manga,15,1,Finished,['Drama'],7.57,2123,"['Asano, Inio']",Quick Japan
"No Game No Life, desu!",89961,Manga,21,4,Finished,['Comedy'],7.24,4746,"['Yuizaki, Kazuya']",Comic Alive
Nozo x Kimi,24698,Manga,63,8,Finished,"['Comedy', 'Romance', 'Ecchi']",7.08,6614,"['Honna, Wakou']",Shounen Sunday
Oniichan dakedo Ai sae Areba Kankeinai yo ne!,30389,Manga,75,7,Finished,"['Comedy', 'Romance', 'Ecchi']",6.79,10124,"['Suzuki, Daisuke', 'Rokushou, Kokuu']",Comic Alive
Oniichan no Koto ga Sukisugite Nyan Nyan Shitai Brocon Imouto dakedo Sunao ni Narenai no,48749,Manga,14,2,Finished,"['Romance', 'Supernatural', 'Ecchi']",6.38,13931,"['Ooha, Maiko']",Young Ace
Petit Eva Bokura Tanken Doukoukai,25633,Manga,19,1,Finished,[],,26807,"['Hamamoto, Ryuusuke']",Shounen Ace
Petit Eva: Evangelion@School,25632,Manga,13,1,Finished,[],6.32,14217,"['Hamamoto, Ryuusuke']",Shounen Ace
Plastic Memories: Say to Good-bye,90174,Manga,20,3,Finished,"['Drama', 'Sci-Fi']",7.86,984,['Yuuyuu'],Dengeki G's Comic
Postman,31093,One-shot,1,,Finished,"['Action', 'Drama']",6.72,10899,['Kohske'],Shounen Gangan
Onihime VS,9730,Manga,27,4,Finished,"['Action', 'Comedy', 'Romance', 'Supernatural', 'Ecchi']",7.04,7150,"['Im, Dal Young', 'Lee, Soo Hyun']",Comic Valkyrie
Orenchi no Maid-san,101234,Manga,74,7,Finished,"['Comedy', 'Romance', 'Slice of Life']",7.37,3474,"['Oohara, Roron']",Comic Cune
Rakujitsu no Pathos,92476,Manga,,,Publishing,"['Romance', 'Ecchi']",6.51,12949,['Tsuyatsuya'],Bessatsu Young Champion
Real no Heroine wa Irimasen!,105454,Manga,,,Publishing,"['Comedy', 'Romance']",6.54,12741,"['Tao, Noritake', 'Mikumo, George']",Young Gangan
Aki-Sora,12629,Manga,30,6,Finished,"['Romance', 'Erotica']",6.51,,"['Itosugi, Masahiro']",Champion RED Ichigo
Boku to Kanojo no Koi Log,30177,Manga,19,3,Finished,"['Comedy', 'Romance', 'Ecchi']",6.56,12497,"['SCA-DI', 'Sakura']",Dragon Age
Kyou no Cerberus,57185,Manga,58,12,Finished,"['Comedy', 'Romance', 'Supernatural']",7.53,2398,"['Sakurai, Ato']",Shounen Gangan
Nana to Kaoru: Black Label,21151,Manga,45,5,Finished,"['Drama', 'Romance', 'Erotica']",7.93,,"['Amazume, Ryuta']",Young Animal Arashi
Okusama ga Seitokaichou!,49967,Manga,70,13,Finished,"['Comedy', 'Romance', 'Ecchi']",7.07,6706,"['Nakata, Yumi']",Comic REX
Open Sesame,730,Manga,94,20,Finished,"['Comedy', 'Romance']",7.35,3701,"['Kawakata, Kaoru']",Magazine Special
"Ore ga Ojousama Gakkou ni ""Shomin Sample"" Toshite Rachirareta Ken",46368,Manga,83,15,Finished,"['Comedy', 'Romance', 'Ecchi']",7.17,5460,"['Nanatsuki, Takafumi', 'Risumai']",Comic REX
Re:Marina,58711,Manga,49,6,Finished,"['Comedy', 'Romance', 'Ecchi']",7.21,5049,"['Harada, Shigemitsu', 'Seguchi, Takahiro']",Young Animal
Siscon Ani to Brocon Imouto ga Shoujiki ni Nattara,112000,Manga,48,4,Finished,"['Comedy', 'Romance']",6.86,9224,"['Hano, Haruka']",Cycomics
Girls Saurus DX,1096,Manga,66,10,Finished,"['Comedy', 'Romance', 'Ecchi']",7.23,4882,"['Kusunoki, Kei']",Sunday Gene-X
UQ Holder!,57765,Manga,193,28,Finished,"['Action', 'Fantasy', 'Sci-Fi']",7.54,2301,"['Akamatsu, Ken']",Bessatsu Shounen Magazine
Wagatsuma-san wa Ore no Yome,48035,Manga,111,13,Finished,"['Comedy', 'Romance', 'Slice of Life']",7.35,3679,"['Kuraishi, Yuu', 'Nishikida, Keishi']",Shounen Magazine (Weekly)
World Customize Creator,74167,Manga,81,8,Finished,"['Action', 'Adventure', 'Fantasy']",6.88,9050,"['Hijikata, Yuu', 'Hero, Tennki']",AlphaPolis Web Manga
29 to JK,109590,Manga,29,6,Finished,"['Comedy', 'Romance']",6.77,10313,"['Yuuji, Yuuji', 'Katou, Kakito']",Gangan Online
Acchi Kocchi,17775,Manga,,,Publishing,"['Comedy', 'Romance', 'Slice of Life']",7.68,1613,['Ishiki'],Manga Time Kirara
Come Come Vanilla!,25646,Manga,18,3,Finished,"['Comedy', 'Drama', 'Romance', 'Ecchi']",6.73,10736,"['Harumi, Chihiro', 'Tazawa, Daisuke']",Comic Meteor
Domina no Do!,11684,Manga,41,7,Finished,"['Comedy', 'Romance', 'Ecchi']",6.34,14118,"['Zappa, Gou', 'Meguro, Sankichi']",Champion RED
Fortune Arterial,6320,Manga,43,7,Finished,"['Comedy', 'Fantasy', 'Romance', 'Supernatural']",7.33,3887,"['Kodama, Miki', 'August']",Comptiq
"Hachi-nan tte, Sore wa Nai deshou!",94181,Manga,,,Publishing,"['Action', 'Drama', 'Fantasy']",6.65,11666,"['Kusumoto, Hiroki', 'Y.A']",ComicWalker
Hakoiri Devil Princess,2949,Manga,41,6,Finished,"['Comedy', 'Romance', 'Supernatural', 'Ecchi']",7.04,7131,"['Matsumoto, Makoto', 'Netsu, Maika']",Comic Rush
Hantsu x Trash,41313,Manga,199,18,Finished,"['Comedy', 'Romance', 'Sports', 'Ecchi']",6.56,12563,"['Kobayashi, Hiyoko']",Young Magazine (Weekly)
Hidan no Aria,17536,Manga,,,Publishing,"['Action', 'Comedy', 'Drama', 'Romance', 'Supernatural', 'Ecchi']",7.3,4131,"['Akamatsu, Chuugaku', 'Koyoka, Yoshino']",Comic Alive
Honey Coming: Sweet Love Lesson,11081,Manga,19,3,Finished,"['Comedy', 'Romance']",6.97,7962,"['HOOKSOFT', 'Takano, Ui']",Comptiq
Inukami!,3117,Manga,30,6,Finished,"['Action', 'Comedy', 'Romance', 'Supernatural', 'Ecchi']",7.3,4126,"['Matsuzawa, Mari', 'Arisawa, Mamizu']",Dengeki Comic Gao!
Inumimi,1924,Manga,19,3,Finished,"['Comedy', 'Romance', 'Ecchi']",7.16,5622,"['Nakajima, Rei']",Young Animal Arashi
Kagami no Kuni no Harisugawa,26584,Manga,29,3,Finished,"['Comedy', 'Romance', 'Supernatural', 'Ecchi']",7.41,3192,"['Kano, Yasuhiro']",Shounen Jump (Weekly)
Kanojo wa Kannou Shousetsuka,14261,Manga,54,6,Finished,"['Comedy', 'Romance', 'Ecchi']",7.15,5760,"['Gotou, Akira']",Young Gangan
Kanokon,3884,Manga,47,9,Finished,"['Comedy', 'Romance', 'Supernatural', 'Ecchi']",7.06,6856,"['Yamaki, Rin', 'Nishino, Katsumi']",Comic Alive
Koisuru Yankee Girl,99595,Manga,,5,Finished,"['Comedy', 'Romance']",6.61,12055,"['Orihara, Sachiko']",Manga Town
Lilim Kiss,763,Manga,24,2,Finished,"['Comedy', 'Romance', 'Supernatural', 'Ecchi']",7.04,7127,"['Kawashita, Mizuki']",Shounen Jump (Weekly)
Nyatto!,14776,Manga,18,3,Finished,"['Comedy', 'Romance', 'Supernatural', 'Ecchi']",6.52,12941,['Shigunyan'],Champion RED Ichigo
Oroka na Tenshi wa Akuma to Odoru,100079,Manga,,,Publishing,"['Comedy', 'Romance', 'Supernatural']",7.54,2333,"['Azuma, Sawayoshi']",Dengeki Maoh
Parallel,862,Manga,20,4,Finished,"['Comedy', 'Romance', 'Ecchi']",7.17,5503,"['Kobayashi, Toshihiko']",Magazine Special
Princess Lucia,12985,Manga,39,5,Finished,"['Comedy', 'Drama', 'Romance', 'Supernatural', 'Ecchi']",7.02,7395,"['Seo, Kouji']",Comic Garden
Ring x Mama,18888,Manga,45,5,Finished,"['Comedy', 'Erotica']",7.38,,"['Manabe, Jouji']",Namaiki!
SE,49661,Manga,37,4,Finished,"['Comedy', 'Romance', 'Ecchi']",6.86,9253,"['Konogi, Yoshiru']",Young Animal
Shounen yo Taishi wo dake!,33753,Manga,25,4,Finished,"['Comedy', 'Romance', 'Ecchi']",6.33,14177,"['Hanamizawa, Q-tarou']",Young King OURs GH
Sora no Otoshimono,8144,Manga,97,20,Finished,"['Comedy', 'Drama', 'Romance', 'Sci-Fi', 'Ecchi']",8.2,385,"['Minazuki, Suu']",Shounen Ace
Sore ga Kanojo no Seigi nara,21328,Manga,23,4,Finished,"['Comedy', 'Romance', 'Ecchi']",6.52,12917,"['Sanada, Rin']",Dengeki Daioh
Suki x Suki,98971,Manga,23,2,Finished,"['Comedy', 'Romance', 'Supernatural']",6.7,11161,"['Hibaru, Shunsuke']",Gangan Online
Tonari no Furi-san ga Tonikaku Kowai.,118741,Manga,,,Publishing,"['Comedy', 'Romance']",7.18,5428,"['Kinoue, Seiichi']",Manga 4-koma Palette
Tsuki Tsuki!,26644,Manga,43,7,Finished,"['Comedy', 'Romance', 'Supernatural', 'Ecchi']",7.19,5311,"['Gotou, Yuujin', 'Shibamine, Takashi']",Comic Alive
Tsurutsuru to Zarazara no Aida,63775,Manga,49,4,Finished,"['Comedy', 'Romance', 'Slice of Life']",7.37,3559,['Tsukiko'],good! Afternoon
Yonakano Reiji ni Harem wo!!,111941,Manga,34,5,Finished,"['Comedy', 'Romance']",6.99,7787,"['Kojima, Akira', 'Kazawa, Yohei']",Gangan Joker
"17-sai, Kiss to Dilemma",48825,Manga,24,4,Finished,"['Drama', 'Romance']",6.88,9033,"['Yagami, Rina']",Sho-Comi
Aroma-chan wa Konya mo Hazukashii,112574,Manga,24,4,Finished,"['Comedy', 'Romance', 'Ecchi']",6.59,12237,"['Kenmotsu, Chiyo']",Shounen Magazine Edge
"Asobinin wa Kenja ni Tenshoku Dekiru tte Shittemashita?: Yuusha Party wo Tsuihou sareta Lv99 Doukeshi, ""Daikenja"" ni Naru",120354,Manga,,,Publishing,"['Adventure', 'Comedy', 'Fantasy', 'Ecchi']",6.23,14591,"['Senoo, Shippo', 'Yunoki, Yuno']",Suiyoubi wa Mattari Dash X Comic
"Boukensha License wo Hakudatsu sareta Ossan dakedo, Manamusume ga Dekita node Nonbiri Jinsei wo Ouka suru",119533,Manga,,,Publishing,"['Action', 'Adventure', 'Fantasy']",7.15,5680,"['Tadaura, Fumi', 'Watanabe, Itsuki', 'Ononata, Manimani']",Manga UP!
Dorondororon,142180,Manga,,,Publishing,"['Action', 'Supernatural']",6.54,12711,"['Oosuga, Gen']",Shounen Jump (Weekly)
Dr. Kumahige,112440,Manga,47,5,Finished,['Drama'],,19385,"['Buronson', 'Nagayasu, Takumi']",Young Magazine (Weekly)
Fudatsuki no Kyouko-chan,56513,Manga,37,7,Finished,"['Comedy', 'Romance', 'Supernatural']",7.07,6751,"['Yamamoto, Souichirou']",Gessan
Gamblers Parade,116126,Manga,35,4,Finished,[],6.57,12461,"['Nakayama, Atsushi', 'Kodaka, Kazutaka']",Shounen Magazine (Weekly)
Hametsu no Oukoku,120485,Manga,,,Publishing,"['Action', 'Adventure', 'Fantasy']",7,7586,['yoruhashi'],Comic Garden
Hanza Sky,21452,Manga,115,13,Finished,['Sports'],7.2,5198,"['Sadogawa, Jun']",Shounen Champion (Weekly)
"Hazure Skill ""Kage ga Usui"" wo Motsu Guild Shokuin ga, Jitsu wa Densetsu no Ansatsusha",122777,Manga,,,Publishing,['Fantasy'],7.06,6887,"['Araki, Fuu', 'Kennoji']",Web DenPlay Comic
Hiraheishi wa Kako wo Yumemiru,98712,Manga,,,Publishing,['Fantasy'],6.96,8149,"['Suzuki, Izo', 'Okano, Yuu']",AlphaPolis Web Manga
Hiyokoi,17394,Manga,67,14,Finished,"['Romance', 'Slice of Life']",7.7,1517,"['Yukimaru, Moe']",Ribon Magazine
In Bura!: Bishoujo Kyuuketsuki no Hazukashii Himitsu,39839,Manga,16,2,Finished,"['Comedy', 'Romance', 'Supernatural', 'Ecchi']",6.89,8896,"['Endo, Tatsuya']",Champion RED
Isekai de Saikyou Maou no Kodomotachi 10-nin no Mama ni Nacchaimashita.,119634,Manga,,,Publishing,['Fantasy'],7.03,7204,"['Tooyama, Ema']",Shounen Sirius
Isekai Shoukan wa Nidome desu,115310,Manga,,,Publishing,"['Action', 'Adventure', 'Comedy', 'Fantasy', 'Romance']",6.27,14440,"['Kishimoto, Kazuha', 'Arashiyama']",Monster Comics
Jishou F-Rank no Oniisama ga Game de Hyouka sareru Gakuen no Chouten ni Kunrin suru Sou desu yo?,113548,Manga,,,Publishing,[],6.41,13751,"['Mikawa, Ghost', 'sorani']",Comic Alive
Kikan shita Yuusha no Gojitsudan,131363,Manga,,,Finished,['Comedy'],6.89,8972,"['Tsukiyono, Furudanuki', 'Otono, Kurumi']",GFantasy
Kiruru Kill Me,125043,Manga,,,Publishing,"['Action', 'Comedy', 'Romance', 'Ecchi']",6.69,11172,"['Kano, Yasuhiro']",Shounen Jump+
"Kitaku Tochuu de Yome to Musume ga Dekita n dakedo, Dragon datta.",114924,Manga,,,Publishing,"['Fantasy', 'Romance']",6.96,8157,"['Fukakutei, Waon', 'Amano, Kohitsuji']",Comic Boost
Kono Koi wa Kore Ijou Kirei ni Naranai.,118157,Manga,33,4,Finished,"['Drama', 'Romance']",6.44,13563,"['Maijou, Outarou', 'Momose, Arata']",Shounen Jump+
Kujibiki Tokushou: Musou Harem-ken,117899,Manga,,,Publishing,"['Action', 'Adventure', 'Fantasy', 'Ecchi']",6.36,14025,"['Miki, Nazuna', 'Hasemi, Ryou']",Suiyoubi wa Mattari Dash X Comic
Kyokou Suiri,89049,Manga,,,Publishing,"['Comedy', 'Mystery', 'Supernatural']",7.8,1172,"['Shirodaira, Kyou', 'Katase, Chashiba']",Shounen Magazine R
Majeh,278,Manhwa,414,55,Finished,"['Action', 'Adventure', 'Fantasy', 'Supernatural']",7.64,1788,"['Kim, Jae-Hwan', 'Ra, In-Soo']",Comic Champ
"Maoyuu Maou Yuusha: 'Kono Ware no Mono to Nare, Yuusha yo' 'Kotowaru!'",26441,Manga,59,18,Finished,"['Action', 'Adventure', 'Comedy', 'Fantasy', 'Romance']",8.01,669,"['Ishida, Akira', 'Touno, Mamare']",Comp Ace
Monku no Tsukeyou ga Nai Love Comedy,85059,Manga,53,4,Finished,"['Comedy', 'Drama', 'Romance', 'Supernatural']",6.84,9489,"['Suzuki, Daisuke', 'Abara, Heiki']",Tonari no Young Jump
Necromance,121456,Manga,43,5,Finished,"['Action', 'Adventure', 'Fantasy', 'Romance']",6.71,11003,"['Doumoto, Yuuki']",Magazine pocket
Ninja Tensei Shinobi Kill,116574,Manga,18,3,Finished,"['Action', 'Comedy', 'Ecchi']",6.52,12930,"['Nishio, Youichi']",Dragon Age
Nise Seiken Monogatari: Osananajimi no Seijo wo Uttara Michizure ni Sareta,125045,Manga,,,Publishing,"['Action', 'Adventure', 'Comedy', 'Fantasy']",7.09,6432,"['Mizokami, Ryou', 'Kanimitsu, Nanakichi']",ArkLight Comic
Ogeha,96456,Manga,15,3,Finished,"['Drama', 'Sci-Fi', 'Slice of Life']",6.49,13146,['oimo'],Comic it
Ojousama no Shimobe,111136,Manga,,,Publishing,"['Comedy', 'Romance', 'Ecchi']",6.71,10994,"['Taguchi, Hoshino']",Magazine pocket
